,nodes,edges,density,avg_clustering,assortativity,components,giant_component_size,avg_shortest_path_on_giant,avg_degree,max_degree
ZeroAccess,4805,882996,0.07650544421445535,0.5511091505248713,-0.41077386172044844,5,4801,1.9364499062695273,367.5321540062435,4569
RoadNet,1965206,2766607,1.4327206657979522e-06,0.04637027007478248,0.12604167267908703,2638,1957027,311.8343383507228,2.8155898160294646,12
